"Guid","AccountId","AssistantName","AssistantPhone","Birthdate","Department","Description","Email","EmailBouncedReason","Fax","FirstName","HomePhone","Jigsaw","Languages__c","LastName","LeadSource","Level__c","MailingCity","MailingCountry","MailingGeocodeAccuracy","MailingLatitude","MailingLongitude","MailingPostalCode","MailingState","MailingStreet","MobilePhone","OtherCity","OtherCountry","OtherGeocodeAccuracy","OtherLatitude","OtherLongitude","OtherPhone","OtherPostalCode","OtherState","OtherStreet","Phone","ReportsToId","Salutation","Title"
18022211-4ae1-435c-a62f-92eb9eebc127,4637dcfd-2f44-4ea6-8684-cf614ab8e57a,Audrey Haynes,(212) 842-5589,1945-12-03,Production,"#N/A",spavlova@uog.com,"#N/A",(212) 842-5501,Stella,"#N/A","#N/A",English,Pavlova,Public Relations,Tertiary,"#N/A","#N/A","#N/A","#N/A","#N/A","#N/A","#N/A","1303 Avenue of the Americas 
New York, NY 10019
USA",(212) 842-5501,"#N/A","#N/A","#N/A","#N/A","#N/A",(212) 842-5543,"#N/A","#N/A","#N/A",(212) 842-5500,"#N/A",Ms.,"SVP, Production"
22503a79-3401-4f4a-89e7-7ab9e1c0fe76,98393121-37a5-48cd-beaa-b530799245cc,"#N/A","#N/A","#N/A","#N/A","#N/A","#N/A","#N/A","#N/A",TEST,"#N/A","#N/A","#N/A",TEST,"#N/A","#N/A","#N/A","#N/A","#N/A","#N/A","#N/A","#N/A","#N/A","#N/A","#N/A","#N/A","#N/A","#N/A","#N/A","#N/A","#N/A","#N/A","#N/A","#N/A","#N/A","#N/A",Mr.,"#N/A"
330ed0c7-ec01-4a50-83b4-847f83219c9f,cc1c9809-7096-4c48-b029-d9eb1e46da06,"#N/A","#N/A",1948-12-08,Finance,"#N/A",ajames@uog.com,"#N/A",+44 191 4956620,Ashley,"#N/A","#N/A",English,James,Public Relations,Primary,"#N/A","#N/A","#N/A","#N/A","#N/A","#N/A","#N/A","Kings Park, 17th Avenue, Team Valley Trading Estate,
Gateshead, Tyne and Wear NE26 3HS
United Kingdom",+44 191 3456234,"#N/A","#N/A","#N/A","#N/A","#N/A","#N/A","#N/A","#N/A","#N/A",+44 191 4956203,"#N/A",Ms.,"VP, Finance"
3c7581ca-2515-44fa-bccd-49bbf0821fab,4637dcfd-2f44-4ea6-8684-cf614ab8e57a,"#N/A","#N/A",1963-01-16,Technology,"#N/A",lboyle@uog.com,"#N/A",(212) 842-5501,Lauren,"#N/A","#N/A",English,Boyle,Public Relations,Secondary,"#N/A","#N/A","#N/A","#N/A","#N/A","#N/A","#N/A","1304 Avenue of the Americas 
New York, NY 10019
USA",(212) 842-5611,"#N/A","#N/A","#N/A","#N/A","#N/A","#N/A","#N/A","#N/A","#N/A",(212) 842-5500,"#N/A",Ms.,"SVP, Technology"
405a8cd4-0685-4b17-98a2-d0b390dc1b25,c7d5becd-b81b-4cbb-ba67-1a63cca6448f,"#N/A","#N/A",1958-06-19,Facilities,"#N/A",bond_john@grandhotels.com,"#N/A",(312) 596-1500,John,"#N/A","#N/A",English,Bond,External Referral,Primary,"#N/A","#N/A","#N/A","#N/A","#N/A","#N/A","#N/A","2334 N. Michigan Avenue, Suite 1500
Chicago, IL 60601, USA",(312) 596-1563,"#N/A","#N/A","#N/A","#N/A","#N/A","#N/A","#N/A","#N/A","#N/A",(312) 596-1000,"#N/A",Mr.,"VP, Facilities"
5d2b070c-d2a7-42f0-b7d7-452653b75eb8,91ac15f1-61df-438d-9b3f-18f7655bcd8d,"#N/A","#N/A",1953-02-04,Executive Team,"#N/A",tripley@uog.com,"#N/A",(650) 450-8820,Tom,"#N/A","#N/A",English,Ripley,Public Relations,Primary,"#N/A","#N/A","#N/A","#N/A","#N/A","#N/A","#N/A","9 Tagore Lane
Singapore, Singapore 787472
Singapore",(650) 345-7636,"#N/A","#N/A","#N/A","#N/A","#N/A","#N/A","#N/A","#N/A","#N/A",(650) 450-8810,"#N/A",Mr.,Regional General Manager
66c93579-dc32-47d5-9d4d-21d7b243d472,eecca90c-b3fc-4c22-8c3c-9d01c75db87d,"#N/A","#N/A",1949-05-10,Finance,"#N/A",sean@edge.com,"#N/A",(512) 757-9000,Sean,"#N/A","#N/A",English,Forbes,Trade Show,Secondary,"#N/A","#N/A","#N/A","#N/A","#N/A","#N/A","#N/A","312 Constitution Place
Austin, TX 78767
USA",(512) 757-4561,"#N/A","#N/A","#N/A","#N/A","#N/A","#N/A","#N/A","#N/A","#N/A",(512) 757-6000,"#N/A",Mr.,CFO
85d0cfb5-98cb-479d-8e51-c08e57d584ae,eecca90c-b3fc-4c22-8c3c-9d01c75db87d,"#N/A","#N/A",1970-08-12,Procurement,"#N/A",rose@edge.com,"#N/A",(512) 757-9000,Rose,"#N/A","#N/A",English,Gonzalez,Trade Show,Primary,"#N/A","#N/A","#N/A","#N/A","#N/A","#N/A","#N/A","313 Constitution Place
Austin, TX 78767
USA",(512) 757-9340,"#N/A","#N/A","#N/A","#N/A","#N/A","#N/A","#N/A","#N/A","#N/A",(512) 757-6000,"#N/A",Ms.,"SVP, Procurement"
8e30dfbe-5bbf-4566-9318-c5f8f8dce38c,3c16222c-a6de-419b-86dc-86c2aeb3fe04,"#N/A","#N/A",1946-09-30,Administration,"#N/A",jane_gray@uoa.edu,"#N/A",(520) 773-9060,Jane,"#N/A","#N/A",English,Grey,Word of mouth,Primary,"#N/A","#N/A","#N/A","#N/A","#N/A","#N/A","#N/A","888 N Euclid 
Hallis Center, Room 501
Tucson, AZ 85721
United States",(520) 773-4539,"#N/A","#N/A","#N/A","#N/A","#N/A","#N/A","#N/A","#N/A","#N/A",(520) 773-9050,"#N/A",Ms.,Dean of Administration
92bd11af-4f1c-45d2-847a-9ee2ae16c481,f01f9dd7-bfe4-424d-a393-d112fc678c37,"#N/A","#N/A","#N/A","#N/A","#N/A",jrogers@burlington.com,"#N/A",(336) 222-8000,Jack,"#N/A","#N/A","#N/A",Rogers,Web,"#N/A",Burlington,USA,"#N/A","#N/A","#N/A",27215,NC,525 S. Lexington Ave,"#N/A","#N/A","#N/A","#N/A","#N/A","#N/A","#N/A","#N/A","#N/A","#N/A",(336) 222-7000,"#N/A",Mr.,"VP, Facilities"
94ff3c1d-aefe-4f9b-8a25-7b9e48262b1e,91ac15f1-61df-438d-9b3f-18f7655bcd8d,"#N/A","#N/A",1964-05-17,Production,"#N/A",ldcruz@uog.com,"#N/A",(650) 450-8820,Liz,"#N/A","#N/A",English,D'Cruz,Public Relations,Secondary,"#N/A","#N/A","#N/A","#N/A","#N/A","#N/A","#N/A","10 Tagore Lane
Singapore, Singapore 787472
Singapore",(650) 345-6637,"#N/A","#N/A","#N/A","#N/A","#N/A","#N/A","#N/A","#N/A","#N/A",(650) 450-8810,"#N/A",Ms.,"VP, Production"
a5659abb-bedb-4097-837b-8ab210ef9843,e73fab8f-7a60-40c3-90ae-3291ea5cf9e3,Ron Sage,(503) 421-6782,1939-07-20,Operations,"#N/A",b.levy@expressl&t.net,"#N/A",(503) 421-7801,Babara,"#N/A","#N/A",English,Levy,Word of mouth,Primary,"#N/A","#N/A","#N/A","#N/A","#N/A","#N/A","#N/A","620 SW 5th Avenue Suite 400
Portland, Oregon 97204
United States",(503) 421-5451,"#N/A","#N/A","#N/A","#N/A","#N/A","#N/A","#N/A","#N/A","#N/A",(503) 421-7800,"#N/A",Ms.,"SVP, Operations"
a8f24717-4de5-4a32-838e-98371a39e1a8,87ca6780-6081-4bf7-ac29-7e7a276a81df,"#N/A","#N/A",1944-10-22,Technology,"#N/A",efrank@genepoint.com,"#N/A",(650) 867-9895,Edna,"#N/A","#N/A",English,Frank,Partner,Primary,"#N/A","#N/A","#N/A","#N/A","#N/A","#N/A","#N/A","345 Shoreline Park
Mountain View, CA 94043
USA",(650) 867-7686,"#N/A","#N/A","#N/A","#N/A","#N/A","#N/A","#N/A","#N/A","#N/A",(650) 867-3450,"#N/A",Ms.,"VP, Technology"
bc1faf3f-f6b5-41f4-aebb-9fbd0e423b58,4637dcfd-2f44-4ea6-8684-cf614ab8e57a,Pat Feinstein,(212) 842-5464,1954-03-31,Executive Team,"#N/A",asong@uog.com,"#N/A",(212) 842-5501,Arthur,"#N/A","#N/A",English,Song,Public Relations,Secondary,"#N/A","#N/A","#N/A","#N/A","#N/A","#N/A","#N/A","1301 Avenue of the Americas 
New York, NY 10019
USA",(212) 842-4535,"#N/A","#N/A","#N/A","#N/A","#N/A","#N/A","#N/A","#N/A","#N/A",(212) 842-5500,"#N/A",Mr.,CEO
c6e5f680-910e-4e07-9806-24647a47f7c4,e73fab8f-7a60-40c3-90ae-3291ea5cf9e3,"#N/A","#N/A",1950-11-13,Warehouse Mgmt,"#N/A",j.davis@expressl&t.net,"#N/A",(503) 421-7801,Josh,"#N/A","#N/A",English,Davis,Word of mouth,Secondary,"#N/A","#N/A","#N/A","#N/A","#N/A","#N/A","#N/A","621 SW 5th Avenue Suite 400
Portland, Oregon 97204
United States",(503) 421-4387,"#N/A","#N/A","#N/A","#N/A","#N/A","#N/A","#N/A","#N/A","#N/A",(503) 421-7800,"#N/A",Mr.,"Director, Warehouse Mgmt"
f32f2caf-f66a-499d-a3fe-eec8d741bc58,c7d5becd-b81b-4cbb-ba67-1a63cca6448f,"#N/A","#N/A",1956-04-07,Finance,"#N/A",barr_tim@grandhotels.com,"#N/A",(312) 596-1500,Tim,"#N/A","#N/A",English,Barr,External Referral,Secondary,"#N/A","#N/A","#N/A","#N/A","#N/A","#N/A","#N/A","2335 N. Michigan Avenue, Suite 1500
Chicago, IL 60601, USA",(312) 596-1230,"#N/A","#N/A","#N/A","#N/A","#N/A","#N/A","#N/A","#N/A","#N/A",(312) 596-1000,"#N/A",Mr.,"SVP, Administration and Finance"
f6f2e554-7218-4f7d-a3ba-2cbdd21a3067,4637dcfd-2f44-4ea6-8684-cf614ab8e57a,Chris Nobel,(212) 842-5428,1936-03-11,Finance,"#N/A",agreen@uog.com,"#N/A",(212) 842-5501,Avi,"#N/A","#N/A",English,Green,Public Relations,Primary,"#N/A","#N/A","#N/A","#N/A","#N/A","#N/A","#N/A","1302 Avenue of the Americas 
New York, NY 10019
USA",(212) 842-2383,"#N/A","#N/A","#N/A","#N/A","#N/A","#N/A","#N/A","#N/A","#N/A",(212) 842-5500,"#N/A",Mr.,CFO
